name,year,latitude,longitude,source_url,type,source,photo_link
Copper Works,1884,42.303,-83.091,"https://www.loc.gov/resource/g4114dm.g03985188401/?st=image&r=0.127,0.937,1.177,0.528,0",ind,Sanborn Fire Insurance Maps - Detroit 1884,1884.jpg
Detroit Leather Co.,1884,42.305,-83.089,"https://www.loc.gov/resource/g4114dm.g03985188401/?st=image&r=0.127,0.937,1.177,0.528,0",ind,Sanborn Fire Insurance Maps - Detroit 1884,1884.jpg
Baugh. Steam Forge Co.,1884,42.307,-83.087,"https://www.loc.gov/resource/g4114dm.g03985188401/?st=image&r=0.127,0.937,1.177,0.528,0",ind,Sanborn Fire Insurance Maps - Detroit 1884,1884.jpg
Clark & Granger Mfg. Co.,1884,42.308,-83.087,"https://www.loc.gov/resource/g4114dm.g03985188401/?st=image&r=0.127,0.937,1.177,0.528,0",ind,Sanborn Fire Insurance Maps - Detroit 1884,1884.jpg
Dry Dock Co.,1884,42.307,-83.087,"https://www.loc.gov/resource/g4114dm.g03985188401/?st=image&r=0.127,0.937,1.177,0.528,0",ind,Sanborn Fire Insurance Maps - Detroit 1884,1884.jpg
Gas Wks.,1884,42.315,-83.079,"https://www.loc.gov/resource/g4114dm.g03985188401/?sp=2&st=image&r=0.521,0.986,0.207,0.093,0",ind,Sanborn Fire Insurance Maps - Detroit 1884,1884.jpg
Malleable Iron Wks.,1884,42.317,-83.076,"https://www.loc.gov/resource/g4114dm.g03985188401/?sp=2&st=image&r=0.521,0.986,0.207,0.093,0",ind,Sanborn Fire Insurance Maps - Detroit 1884,1884.jpg
Lumber Yards,1884,42.316,-83.075,"https://www.loc.gov/resource/g4114dm.g03985188401/?sp=2&st=image&r=0.521,0.986,0.207,0.093,0",ind,Sanborn Fire Insurance Maps - Detroit 1884,1884.jpg
"Wabash, St. Louis & Pacific RR Grounds",1884,42.318,-83.071,"https://www.loc.gov/resource/g4114dm.g03985188401/?sp=2&st=image&r=0.521,0.986,0.207,0.093,0",ind,Sanborn Fire Insurance Maps - Detroit 1884,1884.jpg
Wilson's Foundry,1884,42.321,-83.069,"https://www.loc.gov/resource/g4114dm.g03985188401/?sp=2&st=image&r=0.521,0.986,0.207,0.093,0",ind,Sanborn Fire Insurance Maps - Detroit 1884,1884.jpg
Terra Cotta Mill,1884,42.321,-83.068,"https://www.loc.gov/resource/g4114dm.g03985188401/?sp=2&st=image&r=0.521,0.986,0.207,0.093,0",ind,Sanborn Fire Insurance Maps - Detroit 1884,1884.jpg
Freight Elevator B,1884,42.321,-83.066,"https://www.loc.gov/resource/g4114dm.g03985188401/?sp=2&st=image&r=0.521,0.986,0.207,0.093,0",ind,Sanborn Fire Insurance Maps - Detroit 1884,1884.jpg
Freight Elevator A,1884,42.323,-83.06,"https://www.loc.gov/resource/g4114dm.g03985188401/?sp=2&st=image&r=0.521,0.986,0.207,0.093,0",ind,Sanborn Fire Insurance Maps - Detroit 1884,1884.jpg
Freight Depot,1884,42.323,-83.062,"https://www.loc.gov/resource/g4114dm.g03985188401/?sp=2&st=image&r=0.521,0.986,0.207,0.093,0",ind,Sanborn Fire Insurance Maps - Detroit 1884,1884.jpg
Freight Depot,1884,42.324,-83.059,"https://www.loc.gov/resource/g4114dm.g03985188401/?sp=2&st=image&r=0.521,0.986,0.207,0.093,0",ind,Sanborn Fire Insurance Maps - Detroit 1884,1884.jpg
Lumber Yards,1884,42.324,-83.063,"https://www.loc.gov/resource/g4114dm.g03985188401/?sp=2&st=image&r=0.521,0.986,0.207,0.093,0",ind,Sanborn Fire Insurance Maps - Detroit 1884,1884.jpg
Union Mill Co.,1884,42.324,-83.061,"https://www.loc.gov/resource/g4114dm.g03985188401/?sp=2&st=image&r=0.521,0.986,0.207,0.093,0",ind,Sanborn Fire Insurance Maps - Detroit 1884,1884.jpg
Electric Wks.,1884,42.325,-83.06,"https://www.loc.gov/resource/g4114dm.g03985188401/?sp=2&st=image&r=0.521,0.986,0.207,0.093,0",ind,Sanborn Fire Insurance Maps - Detroit 1884,1884.jpg
Foundry,1884,42.327,-83.057,"https://www.loc.gov/resource/g4114dm.g03985188401/?sp=2&st=image&r=0.521,0.986,0.207,0.093,0",ind,Sanborn Fire Insurance Maps - Detroit 1884,1884.jpg
Iron Wks.,1884,42.326,-83.054,"https://www.loc.gov/resource/g4114dm.g03985188401/?sp=2&st=image&r=0.521,0.986,0.207,0.093,0",ind,Sanborn Fire Insurance Maps - Detroit 1884,1884.jpg
Lead Pipe Wks.,1884,42.327,-83.052,"https://www.loc.gov/resource/g4114dm.g03985188401/?sp=2&st=image&r=0.521,0.986,0.207,0.093,0",ind,Sanborn Fire Insurance Maps - Detroit 1884,1884.jpg
Foundry,1884,42.327,-83.051,"https://www.loc.gov/resource/g4114dm.g03985188401/?sp=2&st=image&r=0.521,0.986,0.207,0.093,0",ind,Sanborn Fire Insurance Maps - Detroit 1884,1884.jpg
Cass Hotel,1884,42.326,-83.053,"https://www.loc.gov/resource/g4114dm.g03985188401/?sp=2&st=image&r=0.521,0.986,0.207,0.093,0",rec,Sanborn Fire Insurance Maps - Detroit 1884,1884.jpg
Michigan Exchange Hotel,1884,42.327,-83.047,"https://www.loc.gov/resource/g4114dm.g03985188401/?sp=2&st=image&r=0.521,0.986,0.207,0.093,0",rec,Sanborn Fire Insurance Maps - Detroit 1884,1884.jpg
Detroit Steam Supply Co. (Coal Yard),1884,42.327,-83.043,"https://www.loc.gov/resource/g4114dm.g03985188401/?sp=2&st=image&r=0.521,0.986,0.207,0.093,0",ind,Sanborn Fire Insurance Maps - Detroit 1884,1884.jpg
St. Lawrence Hotel,1884,42.328,-83.042,https://fims.historicalinfo.com/FIMSSD.aspx?m=03985_02_1884,rec,Sanborn Fire Insurance Maps - Detroit 1884,1884.jpg
Wabash Hotel,1884,42.328,-83.041,https://fims.historicalinfo.com/FIMSSD.aspx?m=03985_02_1884,rec,Sanborn Fire Insurance Maps - Detroit 1884,1884.jpg
Stone Yard,1884,42.327,-83.041,https://fims.historicalinfo.com/FIMSSD.aspx?m=03985_02_1884,ind,Sanborn Fire Insurance Maps - Detroit 1884,1884.jpg
Freight Depot,1884,42.328,-83.04,https://fims.historicalinfo.com/FIMSSD.aspx?m=03985_02_1884,ind,Sanborn Fire Insurance Maps - Detroit 1884,1884.jpg
"Detroit, Grand Haven, and Milwaukee R.R. Freight Depot",1884,42.328,-83.039,https://fims.historicalinfo.com/FIMSSD.aspx?m=03985_02_1884,ind,Sanborn Fire Insurance Maps - Detroit 1884,1884.jpg
Detroit Steam Radiator Co.,1884,42.331,-83.033,https://fims.historicalinfo.com/FIMSSD.aspx?m=03985_02_1884,ind,Sanborn Fire Insurance Maps - Detroit 1884,1884.jpg
Coal Yard,1884,42.331,-83.035,https://fims.historicalinfo.com/FIMSSD.aspx?m=03985_02_1884,ind,Sanborn Fire Insurance Maps - Detroit 1884,1884.jpg
Riverside Iron Works,1884,42.331,-83.031,https://fims.historicalinfo.com/FIMSSD.aspx?m=03985_02_1884,ind,Sanborn Fire Insurance Maps - Detroit 1884,1884.jpg
F.B. Sibley & Co. Lime Kiln,1884,42.331,-83.03,https://fims.historicalinfo.com/FIMSSD.aspx?m=03985_02_1884,ind,Sanborn Fire Insurance Maps - Detroit 1884,1884.jpg
J.B. Scranton & Co. Lumber Yard,1884,42.332,-83.029,https://fims.historicalinfo.com/FIMSSD.aspx?m=03985_02_1884,ind,Sanborn Fire Insurance Maps - Detroit 1884,1884.jpg
J.E. Pittman Coal Shed,1884,42.332,-83.028,https://fims.historicalinfo.com/FIMSSD.aspx?m=03985_02_1884,ind,Sanborn Fire Insurance Maps - Detroit 1884,1884.jpg
Coal Trestles,1884,42.331,-83.028,https://fims.historicalinfo.com/FIMSSD.aspx?m=03985_02_1884,ind,Sanborn Fire Insurance Maps - Detroit 1884,1884.jpg
Locomotive and Car Repair Shops,1884,42.332,-83.028,https://fims.historicalinfo.com/FIMSSD.aspx?m=03985_02_1884,ind,Sanborn Fire Insurance Maps - Detroit 1884,1884.jpg
Detroit Dry Dock Co.,1884,42.333,-83.026,https://fims.historicalinfo.com/FIMSSD.aspx?m=03985_02_1884,ind,Sanborn Fire Insurance Maps - Detroit 1884,1884.jpg
"Detroit, Grand Haven, and Milwaukee R.R. Machine Shop",1884,42.333,-83.029,https://fims.historicalinfo.com/FIMSSD.aspx?m=03985_02_1884,ind,Sanborn Fire Insurance Maps - Detroit 1884,1884.jpg
Dry Dock Engine Works,1884,42.333,-83.027,https://fims.historicalinfo.com/FIMSSD.aspx?m=03985_02_1884,ind,Sanborn Fire Insurance Maps - Detroit 1884,1884.jpg
J. and T. Hurley Coal & Wood Yard,1884,42.333,-83.026,https://fims.historicalinfo.com/FIMSSD.aspx?m=03985_02_1884,ind,Sanborn Fire Insurance Maps - Detroit 1884,1884.jpg
J. and T. Hurley Dry Dock & Engine Works Boiler Shop,1884,42.334,-83.026,https://fims.historicalinfo.com/FIMSSD.aspx?m=03985_02_1884,ind,Sanborn Fire Insurance Maps - Detroit 1884,1884.jpg
J. and T. Hurley Coal Yard,1884,42.335,-83.026,https://fims.historicalinfo.com/FIMSSD.aspx?m=03985_02_1884,ind,Sanborn Fire Insurance Maps - Detroit 1884,1884.jpg
Dry Dock Engine Works,1884,42.333,-83.025,https://fims.historicalinfo.com/FIMSSD.aspx?m=03985_02_1884,ind,Sanborn Fire Insurance Maps - Detroit 1884,1884.jpg
Detroit Dry Dock Co.,1884,42.333,-83.024,https://fims.historicalinfo.com/FIMSSD.aspx?m=03985_02_1884,ind,Sanborn Fire Insurance Maps - Detroit 1884,1884.jpg
E. Welsh Coal & Wood Yard,1884,42.334,-83.024,https://fims.historicalinfo.com/FIMSSD.aspx?m=03985_02_1884,ind,Sanborn Fire Insurance Maps - Detroit 1884,1884.jpg
Green & Mengel Lumber Yards,1884,42.334,-83.023,https://fims.historicalinfo.com/FIMSSD.aspx?m=03985_02_1884,ind,Sanborn Fire Insurance Maps - Detroit 1884,1884.jpg
Dubois Ice Depot,1884,42.334,-83.022,https://fims.historicalinfo.com/FIMSSD.aspx?m=03985_02_1884,ind,Sanborn Fire Insurance Maps - Detroit 1884,1884.jpg
Pullman Car Co. Lumber Yard,1884,42.335,-83.023,https://fims.historicalinfo.com/FIMSSD.aspx?m=03985_02_1884,ind,Sanborn Fire Insurance Maps - Detroit 1884,1884.jpg
Lumber Yards,1884,42.335,-83.022,https://fims.historicalinfo.com/FIMSSD.aspx?m=03985_02_1884,ind,Sanborn Fire Insurance Maps - Detroit 1884,1884.jpg
"Moffat, Eatherly & Co. Saw & Planing Mill",1884,42.335,-83.021,https://fims.historicalinfo.com/FIMSSD.aspx?m=03985_02_1884,ind,Sanborn Fire Insurance Maps - Detroit 1884,1884.jpg
Christie & Degraff Machine Shop & Foundry,1884,42.336,-83.02,https://fims.historicalinfo.com/FIMSSD.aspx?m=03985_02_1884,ind,Sanborn Fire Insurance Maps - Detroit 1884,1884.jpg
"Moffat, Eatherly & Co. Lumber Yard",1884,42.335,-83.02,https://fims.historicalinfo.com/FIMSSD.aspx?m=03985_02_1884,ind,Sanborn Fire Insurance Maps - Detroit 1884,1884.jpg
Detroit Patent Brush Co.,1884,42.336,-83.02,https://fims.historicalinfo.com/FIMSSD.aspx?m=03985_02_1884,ind,Sanborn Fire Insurance Maps - Detroit 1884,1884.jpg
Paving Block Sawing,1884,42.336,-83.019,https://fims.historicalinfo.com/FIMSSD.aspx?m=03985_02_1884,ind,Sanborn Fire Insurance Maps - Detroit 1884,1884.jpg
Wolverine Paper Mill,1884,42.337,-83.018,https://fims.historicalinfo.com/FIMSSD.aspx?m=03985_02_1884,ind,Sanborn Fire Insurance Maps - Detroit 1884,1884.jpg
Boat House,1884,42.335,-83.018,https://fims.historicalinfo.com/FIMSSD.aspx?m=03985_02_1884,ind,Sanborn Fire Insurance Maps - Detroit 1884,1884.jpg
Parke Davis & Co. Laboratory,1884,42.337,-83.017,https://fims.historicalinfo.com/FIMSSD.aspx?m=03985_02_1884,ind,Sanborn Fire Insurance Maps - Detroit 1884,1884.jpg
Burrell & Whitman Hoop Factory,1884,42.337,-83.016,https://fims.historicalinfo.com/FIMSSD.aspx?m=03985_02_1884,ind,Sanborn Fire Insurance Maps - Detroit 1884,1884.jpg
Russell Wheel & Foundry Co.,1884,42.338,-83.015,https://fims.historicalinfo.com/FIMSSD.aspx?m=03985_02_1884,ind,Sanborn Fire Insurance Maps - Detroit 1884,1884.jpg
Peninsular Car Works,1884,42.339,-83.017,https://fims.historicalinfo.com/FIMSSD.aspx?m=03985_02_1884,ind,Sanborn Fire Insurance Maps - Detroit 1884,1884.jpg
W.A.C. Miller Planing Mill and Lumber Yard,1884,42.339,-83.012,https://fims.historicalinfo.com/FIMSSD.aspx?m=03985_02_1884,ind,Sanborn Fire Insurance Maps - Detroit 1884,1884.jpg
Currie & Conn Wood and Coal Yard,1884,42.339,-83.011,https://fims.historicalinfo.com/FIMSSD.aspx?m=03985_02_1884,ind,Sanborn Fire Insurance Maps - Detroit 1884,1884.jpg
Frosts Detroit Lumber and Woodenware Works,1884,42.34,-83.01,https://fims.historicalinfo.com/FIMSSD.aspx?m=03985_02_1884,ind,Sanborn Fire Insurance Maps - Detroit 1884,1884.jpg
Leonard Laurense & Co. Picture Frame Moulding Factory,1884,42.34,-83.008,https://fims.historicalinfo.com/FIMSSD.aspx?m=03985_02_1884,ind,Sanborn Fire Insurance Maps - Detroit 1884,1884.jpg
J. Karrer & Brothers Tannery,1884,42.34,-83.009,https://fims.historicalinfo.com/FIMSSD.aspx?m=03985_02_1884,ind,Sanborn Fire Insurance Maps - Detroit 1884,1884.jpg
Berry Brothers Varnish Manufactory,1884,42.341,-83.009,https://fims.historicalinfo.com/FIMSSD.aspx?m=03985_02_1884,ind,Sanborn Fire Insurance Maps - Detroit 1884,1884.jpg
Detroit Linseed Oil Co.,1884,42.342,-83.01,https://fims.historicalinfo.com/FIMSSD.aspx?m=03985_02_1884,ind,Sanborn Fire Insurance Maps - Detroit 1884,1884.jpg
The Colliau Furnace Co.,1884,42.342,-83.008,https://fims.historicalinfo.com/FIMSSD.aspx?m=03985_02_1884,ind,Sanborn Fire Insurance Maps - Detroit 1884,1884.jpg
Detroit & Lake Superior Iron Co.,1884,42.341,-83.007,https://fims.historicalinfo.com/FIMSSD.aspx?m=03985_02_1884,ind,Sanborn Fire Insurance Maps - Detroit 1884,1884.jpg
Michigan Bolt & Nut Works,1884,42.342,-83.007,https://fims.historicalinfo.com/FIMSSD.aspx?m=03985_02_1884,ind,Sanborn Fire Insurance Maps - Detroit 1884,1884.jpg
Detroit Iron Furnace Co.,1884,42.343,-83.006,https://fims.historicalinfo.com/FIMSSD.aspx?m=03985_02_1884,ind,Sanborn Fire Insurance Maps - Detroit 1884,1884.jpg
The Mutual Gas Co.,1884,42.343,-83.005,https://fims.historicalinfo.com/FIMSSD.aspx?m=03985_02_1884,ind,Sanborn Fire Insurance Maps - Detroit 1884,1884.jpg
Peninsular Iron Co.,1884,42.344,-83.005,https://fims.historicalinfo.com/FIMSSD.aspx?m=03985_02_1884,ind,Sanborn Fire Insurance Maps - Detroit 1884,1884.jpg
Union Iron Works,1884,42.344,-83.004,https://fims.historicalinfo.com/FIMSSD.aspx?m=03985_02_1884,ind,Sanborn Fire Insurance Maps - Detroit 1884,1884.jpg
Detroit Stove Works,1884,42.345,-83.002,https://fims.historicalinfo.com/FIMSSD.aspx?m=03985_02_1884,ind,Sanborn Fire Insurance Maps - Detroit 1884,1884.jpg
Peninsular Brewery,1884,42.346,-83,https://fims.historicalinfo.com/FIMSSD.aspx?m=03985_02_1884,ind,Sanborn Fire Insurance Maps - Detroit 1884,1884.jpg
Detroit Emery Wheel Co.,1884,42.348,-83.001,https://fims.historicalinfo.com/FIMSSD.aspx?m=03985_02_1884,ind,Sanborn Fire Insurance Maps - Detroit 1884,1884.jpg
Beller's Beer Garden,1884,42.347,-82.999,https://fims.historicalinfo.com/FIMSSD.aspx?m=03985_02_1884,rec,Sanborn Fire Insurance Maps - Detroit 1884,1884.jpg
Hamtramck Tannery,1884,42.348,-82.998,https://fims.historicalinfo.com/FIMSSD.aspx?m=03985_02_1884,ind,Sanborn Fire Insurance Maps - Detroit 1884,1884.jpg
Belle Isle Park,1884,42.341,-82.977,https://detroithistorical.org/learn/encyclopedia-of-detroit/belle-isle-park,rec,Detroit Historical Society,belle_isle_1915.jpg
Peninsular Smelting & Refining Co.,1921,42.305,-83.089,https://fims.historicalinfo.com/FIMSSD.aspx?m=03985_01_1921,ind,Sanborn Fire Insurance Maps - Detroit 1921,1921.jpg
Detroit Copper & Brass Rolling Mills,1921,42.305,-83.088,https://fims.historicalinfo.com/FIMSSD.aspx?m=03985_01_1921,ind,Sanborn Fire Insurance Maps - Detroit 1921,1921.jpg
American Car & Foundry Co. - Rolling Mill,1921,42.306,-83.087,https://fims.historicalinfo.com/FIMSSD.aspx?m=03985_01_1921,ind,Sanborn Fire Insurance Maps - Detroit 1921,1921.jpg
The Studebaker Corporation Plants No. 3 & 4,1921,42.309,-83.086,https://fims.historicalinfo.com/FIMSSD.aspx?m=03985_01_1921,ind,Sanborn Fire Insurance Maps - Detroit 1921,1921.jpg
Michigan Boiler & Sheet Iron Works,1921,42.31,-83.084,https://fims.historicalinfo.com/FIMSSD.aspx?m=03985_01_1921,ind,Sanborn Fire Insurance Maps - Detroit 1921,1921.jpg
Coal Yard,1921,42.311,-83.084,https://fims.historicalinfo.com/FIMSSD.aspx?m=03985_01_1921,ind,Sanborn Fire Insurance Maps - Detroit 1921,1921.jpg
DaFoe - Eustice Co. Leather Goods,1921,42.31,-83.084,https://fims.historicalinfo.com/FIMSSD.aspx?m=03985_01_1921,ind,Sanborn Fire Insurance Maps - Detroit 1921,1921.jpg
The Detroit Metal & Steel Works,1921,42.311,-83.083,https://fims.historicalinfo.com/FIMSSD.aspx?m=03985_01_1921,ind,Sanborn Fire Insurance Maps - Detroit 1921,1921.jpg
Grace Harbor Lumber Co.,1921,42.311,-83.082,https://fims.historicalinfo.com/FIMSSD.aspx?m=03985_01_1921,ind,Sanborn Fire Insurance Maps - Detroit 1921,1921.jpg
Detroit City Gas Co. Station F,1921,42.315,-83.082,https://fims.historicalinfo.com/FIMSSD.aspx?m=03985_01_1921,ind,Sanborn Fire Insurance Maps - Detroit 1921,1921.jpg
Detroit City Gas Co. Station E,1921,42.316,-83.08,https://fims.historicalinfo.com/FIMSSD.aspx?m=03985_01_1921,ind,Sanborn Fire Insurance Maps - Detroit 1921,1921.jpg
United Fuel & Supply Co.,1921,42.313,-83.08,https://fims.historicalinfo.com/FIMSSD.aspx?m=03985_01_1921,ind,Sanborn Fire Insurance Maps - Detroit 1921,1921.jpg
Cadillac Motor Car Co. Plant No. 3,1921,42.316,-83.079,https://fims.historicalinfo.com/FIMSSD.aspx?m=03985_01_1921,ind,Sanborn Fire Insurance Maps - Detroit 1921,1921.jpg
John Beyster & Sons Co. Lumber Yard and Planing Mill,1921,42.317,-83.078,https://fims.historicalinfo.com/FIMSSD.aspx?m=03985_01_1921,ind,Sanborn Fire Insurance Maps - Detroit 1921,1921.jpg
Detroit City Gas Co. Station A,1921,42.316,-83.078,https://fims.historicalinfo.com/FIMSSD.aspx?m=03985_01_1921,ind,Sanborn Fire Insurance Maps - Detroit 1921,1921.jpg
Detroit City Gas Co. Coal Shed,1921,42.315,-83.077,https://fims.historicalinfo.com/FIMSSD.aspx?m=03985_01_1921,ind,Sanborn Fire Insurance Maps - Detroit 1921,1921.jpg
Detroit Seamless Steel Tubes Co.,1921,42.317,-83.075,https://fims.historicalinfo.com/FIMSSD.aspx?m=03985_01_1921,ind,Sanborn Fire Insurance Maps - Detroit 1921,1921.jpg
Barcy-Nicholson Co. Stamping and Wiring,1921,42.318,-83.077,https://fims.historicalinfo.com/FIMSSD.aspx?m=03985_01_1921,ind,Sanborn Fire Insurance Maps - Detroit 1921,1921.jpg
American Twist Drill Co.,1921,42.317,-83.077,https://fims.historicalinfo.com/FIMSSD.aspx?m=03985_01_1921,ind,Sanborn Fire Insurance Maps - Detroit 1921,1921.jpg
H.L.&W. Sales & Manufacturing Co.,1921,42.318,-83.076,https://fims.historicalinfo.com/FIMSSD.aspx?m=03985_01_1921,ind,Sanborn Fire Insurance Maps - Detroit 1921,1921.jpg
Detroit Socket Co. & Davidson Heat-Treating Co.,1921,42.317,-83.076,https://fims.historicalinfo.com/FIMSSD.aspx?m=03985_01_1921,ind,Sanborn Fire Insurance Maps - Detroit 1921,1921.jpg
Junk Yard,1921,42.318,-83.075,https://fims.historicalinfo.com/FIMSSD.aspx?m=03985_01_1921,ind,Sanborn Fire Insurance Maps - Detroit 1921,1921.jpg
Pere Marquette R. R. Freight Yard,1921,42.317,-83.075,https://fims.historicalinfo.com/FIMSSD.aspx?m=03985_01_1921,ind,Sanborn Fire Insurance Maps - Detroit 1921,1921.jpg
Wabash R. R. Freight Yard,1921,42.316,-83.075,https://fims.historicalinfo.com/FIMSSD.aspx?m=03985_01_1921,ind,Sanborn Fire Insurance Maps - Detroit 1921,1921.jpg
The Toledo Plate & Window Glass Co. Detroit Warehouse,1921,42.32,-83.075,https://fims.historicalinfo.com/FIMSSD.aspx?m=03985_01_1921,ind,Sanborn Fire Insurance Maps - Detroit 1921,1921.jpg
Liberty Starter Co. Plant No. 2,1921,42.32,-83.074,https://fims.historicalinfo.com/FIMSSD.aspx?m=03985_01_1921,ind,Sanborn Fire Insurance Maps - Detroit 1921,1921.jpg
Fender & Sheet Metal Works,1921,42.321,-83.074,https://fims.historicalinfo.com/FIMSSD.aspx?m=03985_01_1921,ind,Sanborn Fire Insurance Maps - Detroit 1921,1921.jpg
The Batchelder-Wasmund Co. Cut Stone Yard,1921,42.32,-83.072,https://fims.historicalinfo.com/FIMSSD.aspx?m=03985_01_1921,ind,Sanborn Fire Insurance Maps - Detroit 1921,1921.jpg
The Gordon-Chapman Co.,1921,42.321,-83.072,https://fims.historicalinfo.com/FIMSSD.aspx?m=03985_01_1921,ind,Sanborn Fire Insurance Maps - Detroit 1921,1921.jpg
Michigan Paste Co. Paste Factory,1921,42.321,-83.072,https://fims.historicalinfo.com/FIMSSD.aspx?m=03985_01_1921,ind,Sanborn Fire Insurance Maps - Detroit 1921,1921.jpg
Liberty Starter Co. Plant No. 1,1921,42.32,-83.072,https://fims.historicalinfo.com/FIMSSD.aspx?m=03985_01_1921,ind,Sanborn Fire Insurance Maps - Detroit 1921,1921.jpg
R. Laylward Coal Yard,1921,42.32,-83.071,https://fims.historicalinfo.com/FIMSSD.aspx?m=03985_01_1921,ind,Sanborn Fire Insurance Maps - Detroit 1921,1921.jpg
The Detroit Edison Co. Fort Street Coaling Station,1921,42.32,-83.0705,https://fims.historicalinfo.com/FIMSSD.aspx?m=03985_01_1921,ind,Sanborn Fire Insurance Maps - Detroit 1921,1921.jpg
Coal Pile,1921,42.321,-83.07,https://fims.historicalinfo.com/FIMSSD.aspx?m=03985_01_1921,ind,Sanborn Fire Insurance Maps - Detroit 1921,1921.jpg
The Kelvinator Corporation,1921,42.321,-83.069,https://fims.historicalinfo.com/FIMSSD.aspx?m=03985_01_1921,ind,Sanborn Fire Insurance Maps - Detroit 1921,1921.jpg
Proctor & Gamble Warehouse,1921,42.32,-83.069,https://fims.historicalinfo.com/FIMSSD.aspx?m=03985_01_1921,ind,Sanborn Fire Insurance Maps - Detroit 1921,1921.jpg
Schwarz Foundry Co.,1921,42.321,-83.069,https://fims.historicalinfo.com/FIMSSD.aspx?m=03985_01_1921,ind,Sanborn Fire Insurance Maps - Detroit 1921,1921.jpg
Chas. Pohlman & Co. Furniture Factory,1921,42.321,-83.068,https://fims.historicalinfo.com/FIMSSD.aspx?m=03985_01_1921,ind,Sanborn Fire Insurance Maps - Detroit 1921,1921.jpg
The John Henry & Schram Storage and Trucking Co.,1921,42.322,-83.067,https://fims.historicalinfo.com/FIMSSD.aspx?m=03985_01_1921,ind,Sanborn Fire Insurance Maps - Detroit 1921,1921.jpg
National Lamp Works of General Electric Co.,1921,42.3221,-83.0671,https://fims.historicalinfo.com/FIMSSD.aspx?m=03985_01_1921,ind,Sanborn Fire Insurance Maps - Detroit 1921,1921.jpg
Chope-Stevens Paper Co.,1921,42.321,-83.067,https://fims.historicalinfo.com/FIMSSD.aspx?m=03985_01_1921,ind,Sanborn Fire Insurance Maps - Detroit 1921,1921.jpg
Wabash R. R. Freight House,1921,42.32,-83.066,https://fims.historicalinfo.com/FIMSSD.aspx?m=03985_01_1921,ind,Sanborn Fire Insurance Maps - Detroit 1921,1921.jpg
Detroit Graphite Co. Print Works,1921,42.323,-83.065,https://fims.historicalinfo.com/FIMSSD.aspx?m=03985_01_1921,ind,Sanborn Fire Insurance Maps - Detroit 1921,1921.jpg
Michigan Central R. R. Elevator B,1921,42.321,-83.064,https://fims.historicalinfo.com/FIMSSD.aspx?m=03985_01_1921,ind,Sanborn Fire Insurance Maps - Detroit 1921,1921.jpg
Michigan Central R. R. Electric Sub-Station for Tunnel,1921,42.322,-83.063,https://fims.historicalinfo.com/FIMSSD.aspx?m=03985_01_1921,ind,Sanborn Fire Insurance Maps - Detroit 1921,1921.jpg
Michigan Central R. R. Freight House No. 3,1921,42.322,-83.062,https://fims.historicalinfo.com/FIMSSD.aspx?m=03985_01_1921,ind,Sanborn Fire Insurance Maps - Detroit 1921,1921.jpg
United Fuel & Supply Co. 10th St. Coal Yard,1921,42.324,-83.063,https://fims.historicalinfo.com/FIMSSD.aspx?m=03985_01_1921,ind,Sanborn Fire Insurance Maps - Detroit 1921,1921.jpg
The Peninsular Stove Co. Foundry No. 3,1921,42.323,-83.062,https://fims.historicalinfo.com/FIMSSD.aspx?m=03985_01_1921,ind,Sanborn Fire Insurance Maps - Detroit 1921,1921.jpg
The Peninsular Stove Co. Foundry No. 2,1921,42.323,-83.061,https://fims.historicalinfo.com/FIMSSD.aspx?m=03985_01_1921,ind,Sanborn Fire Insurance Maps - Detroit 1921,1921.jpg
The Peninsular Stove Co. Foundry No. 1,1921,42.325,-83.061,https://fims.historicalinfo.com/FIMSSD.aspx?m=03985_01_1921,ind,Sanborn Fire Insurance Maps - Detroit 1921,1921.jpg
Michigan Central R. R. Freight Yard,1921,42.323,-83.06,https://fims.historicalinfo.com/FIMSSD.aspx?m=03985_01_1921,ind,Sanborn Fire Insurance Maps - Detroit 1921,1921.jpg
General Merchandise Ware House,1921,42.322,-83.06,https://fims.historicalinfo.com/FIMSSD.aspx?m=03985_01_1921,ind,Sanborn Fire Insurance Maps - Detroit 1921,1921.jpg
Union Truck Co. Storage Ware House,1921,42.325,-83.06,https://fims.historicalinfo.com/FIMSSD.aspx?m=03985_01_1921,ind,Sanborn Fire Insurance Maps - Detroit 1921,1921.jpg
Michigan Central R. R. Freight Yard,1921,42.324,-83.058,https://fims.historicalinfo.com/FIMSSD.aspx?m=03985_01_1921,ind,Sanborn Fire Insurance Maps - Detroit 1921,1921.jpg
Pennsylvania R. R.,1921,42.325,-83.057,https://fims.historicalinfo.com/FIMSSD.aspx?m=03985_01_1921,ind,Sanborn Fire Insurance Maps - Detroit 1921,1921.jpg
General Cartage & Distributing Co.,1921,42.326,-83.055,https://fims.historicalinfo.com/FIMSSD.aspx?m=03985_01_1921,ind,Sanborn Fire Insurance Maps - Detroit 1921,1921.jpg
Pere Marquette R. R. Freight Yard,1921,42.327,-83.056,https://fims.historicalinfo.com/FIMSSD.aspx?m=03985_01_1921,ind,Sanborn Fire Insurance Maps - Detroit 1921,1921.jpg
Union Depot Train Yard,1921,42.327,-83.057,https://fims.historicalinfo.com/FIMSSD.aspx?m=03985_01_1921,ind,Sanborn Fire Insurance Maps - Detroit 1921,1921.jpg
Moreton Truck Co. General Storage Warehouse,1921,42.326,-83.054,https://fims.historicalinfo.com/FIMSSD.aspx?m=03985_01_1921,ind,Sanborn Fire Insurance Maps - Detroit 1921,1921.jpg
Fort St. Union Depot,1921,42.327,-83.054,https://fims.historicalinfo.com/FIMSSD.aspx?m=03985_01_1921,ind,Sanborn Fire Insurance Maps - Detroit 1921,1921.jpg
Michigan Central R. R. Freight Houses and Offices,1921,42.325,-83.054,https://fims.historicalinfo.com/FIMSSD.aspx?m=03985_01_1921,ind,Sanborn Fire Insurance Maps - Detroit 1921,1921.jpg
Hotel Savoy,1921,42.327,-83.053,https://fims.historicalinfo.com/FIMSSD.aspx?m=03985_01_1921,rec,Sanborn Fire Insurance Maps - Detroit 1921,1921.jpg
Woods Hotel,1921,42.326,-83.053,https://fims.historicalinfo.com/FIMSSD.aspx?m=03985_01_1921,rec,Sanborn Fire Insurance Maps - Detroit 1921,1921.jpg
The Muzzy - Lyon Co. Ltd. Machine Shop & Foundry,1921,42.327,-83.051,https://fims.historicalinfo.com/FIMSSD.aspx?m=03985_01_1921,ind,Sanborn Fire Insurance Maps - Detroit 1921,1921.jpg
Detroit & Cleveland Navigation Co. Freight Warehouse No. 6,1921,42.325,-83.052,https://fims.historicalinfo.com/FIMSSD.aspx?m=03985_01_1921,ind,Sanborn Fire Insurance Maps - Detroit 1921,1921.jpg
Standart Brothers Hardware Corporation,1921,42.326,-83.05,https://fims.historicalinfo.com/FIMSSD.aspx?m=03985_01_1921,ind,Sanborn Fire Insurance Maps - Detroit 1921,1921.jpg
Michigan Transit Co. Freight Warehouse,1921,42.325,-83.05,https://fims.historicalinfo.com/FIMSSD.aspx?m=03985_01_1921,ind,Sanborn Fire Insurance Maps - Detroit 1921,1921.jpg
A. Harvey's Sons Manufacturing Co.,1921,42.327,-83.049,https://fims.historicalinfo.com/FIMSSD.aspx?m=03985_01_1921,ind,Sanborn Fire Insurance Maps - Detroit 1921,1921.jpg
Murray W. Sales & Co.,1921,42.326,-83.049,https://fims.historicalinfo.com/FIMSSD.aspx?m=03985_01_1921,ind,Sanborn Fire Insurance Maps - Detroit 1921,1921.jpg
Ashley & Dustin Steamer Line,1921,42.325,-83.05,https://fims.historicalinfo.com/FIMSSD.aspx?m=03985_01_1921,ind,Sanborn Fire Insurance Maps - Detroit 1921,1921.jpg
American Steel Wire Co. Ware House,1921,42.325,-83.049,https://fims.historicalinfo.com/FIMSSD.aspx?m=03985_01_1921,ind,Sanborn Fire Insurance Maps - Detroit 1921,1921.jpg
Great Lakes Transit Corporation Freight House,1921,42.325,-83.048,https://fims.historicalinfo.com/FIMSSD.aspx?m=03985_01_1921,ind,Sanborn Fire Insurance Maps - Detroit 1921,1921.jpg
The Carey Co. Asbestos Roofing & Pipe Covering Warehouse,1921,42.326,-83.049,https://fims.historicalinfo.com/FIMSSD.aspx?m=03985_01_1921,ind,Sanborn Fire Insurance Maps - Detroit 1921,1921.jpg
D. & C. Navigation Freight House No. 4,1921,42.325,-83.048,https://fims.historicalinfo.com/FIMSSD.aspx?m=03985_01_1921,ind,Sanborn Fire Insurance Maps - Detroit 1921,1921.jpg
Buhl & Sons Co. Hardware Warehouse,1921,42.326,-83.048,https://fims.historicalinfo.com/FIMSSD.aspx?m=03985_01_1921,ind,Sanborn Fire Insurance Maps - Detroit 1921,1921.jpg
Crowley Brothers,1921,42.328,-83.048,https://fims.historicalinfo.com/FIMSSD.aspx?m=03985_01_1921,ind,Sanborn Fire Insurance Maps - Detroit 1921,1921.jpg
Campau Building,1921,42.328,-83.047,https://fims.historicalinfo.com/FIMSSD.aspx?m=03985_01_1921,ind,Sanborn Fire Insurance Maps - Detroit 1921,1921.jpg
Norton Hotel Annex,1921,42.328,-83.046,https://fims.historicalinfo.com/FIMSSD.aspx?m=03985_01_1921,rec,Sanborn Fire Insurance Maps - Detroit 1921,1921.jpg
Norton Hotel,1921,42.329,-83.045,https://fims.historicalinfo.com/FIMSSD.aspx?m=03985_01_1921,rec,Sanborn Fire Insurance Maps - Detroit 1921,1921.jpg
Crowley - Milner & Co. Furniture Warehouse,1921,42.327,-83.047,https://fims.historicalinfo.com/FIMSSD.aspx?m=03985_01_1921,ind,Sanborn Fire Insurance Maps - Detroit 1921,1921.jpg
Interurban Hotel,1921,42.328,-83.045,https://fims.historicalinfo.com/FIMSSD.aspx?m=03985_01_1921,rec,Sanborn Fire Insurance Maps - Detroit 1921,1921.jpg
Mariner's Church (Episcopalian),1921,42.328,-83.045,https://fims.historicalinfo.com/FIMSSD.aspx?m=03985_01_1921,rec,Sanborn Fire Insurance Maps - Detroit 1921,1921.jpg
Western Paper Box Company,1921,42.326,-83.047,https://fims.historicalinfo.com/FIMSSD.aspx?m=03985_01_1921,ind,Sanborn Fire Insurance Maps - Detroit 1921,1921.jpg
The Detroit & Cleveland Navigation Co.,1921,42.326,-83.044,https://fims.historicalinfo.com/FIMSSD.aspx?m=03985_01_1921,ind,Sanborn Fire Insurance Maps - Detroit 1921,1921.jpg
Jerome B. Rice & Co. Seed Cleaning Warehouse,1921,42.327,-83.046,https://fims.historicalinfo.com/FIMSSD.aspx?m=03985_01_1921,ind,Sanborn Fire Insurance Maps - Detroit 1921,1921.jpg
Western Union Store House,1921,42.327,-83.045,https://fims.historicalinfo.com/FIMSSD.aspx?m=03985_01_1921,ind,Sanborn Fire Insurance Maps - Detroit 1921,1921.jpg
James Vernor Company Storage,1921,42.327,-83.045,https://fims.historicalinfo.com/FIMSSD.aspx?m=03985_01_1921,ind,Sanborn Fire Insurance Maps - Detroit 1921,1921.jpg
White Star Line Dock,1921,42.327,-83.044,https://fims.historicalinfo.com/FIMSSD.aspx?m=03985_01_1921,ind,Sanborn Fire Insurance Maps - Detroit 1921,1921.jpg
J. T. Wing & Co.,1921,42.3267,-83.0433,https://fims.historicalinfo.com/FIMSSD.aspx?m=03985_01_1921,ind,Sanborn Fire Insurance Maps - Detroit 1921,1921.jpg
James Vernor Co. Building,1921,42.3276,-83.044,https://fims.historicalinfo.com/FIMSSD.aspx?m=03985_01_1921,ind,Sanborn Fire Insurance Maps - Detroit 1921,1921.jpg
J. C. Goss Company,1922,42.327,-83.043,https://fims.historicalinfo.com/FIMSSD.aspx?m=03985_04_1922,ind,Sanborn Fire Insurance Maps - Detroit 1921,1921.jpg
Best Stove Co.,1922,42.328,-83.042,https://fims.historicalinfo.com/FIMSSD.aspx?m=03985_04_1922,ind,Sanborn Fire Insurance Maps - Detroit 1921,1921.jpg
Commercial Milling Co.,1922,42.328,-83.041,https://fims.historicalinfo.com/FIMSSD.aspx?m=03985_04_1922,ind,Sanborn Fire Insurance Maps - Detroit 1921,1921.jpg
H. D. Edwards & Co.,1922,42.327,-83.042,https://fims.historicalinfo.com/FIMSSD.aspx?m=03985_04_1922,ind,Sanborn Fire Insurance Maps - Detroit 1921,1921.jpg
Detroit & Windsor Ferry Co.,1922,42.3268,-83.0422,https://fims.historicalinfo.com/FIMSSD.aspx?m=03985_04_1922,ind,Sanborn Fire Insurance Maps - Detroit 1921,1921.jpg
Public Lighting Commission,1922,42.3275,-83.0415,https://fims.historicalinfo.com/FIMSSD.aspx?m=03985_04_1922,ind,Sanborn Fire Insurance Maps - Detroit 1921,1921.jpg
The Detroit Edison Co.,1922,42.329,-83.04,https://fims.historicalinfo.com/FIMSSD.aspx?m=03985_04_1922,ind,Sanborn Fire Insurance Maps - Detroit 1921,1921.jpg
Commercial Milling Co.,1922,42.328,-83.04,https://fims.historicalinfo.com/FIMSSD.aspx?m=03985_04_1922,ind,Sanborn Fire Insurance Maps - Detroit 1921,1921.jpg
Wabash Hotel,1922,42.328,-83.0395,https://fims.historicalinfo.com/FIMSSD.aspx?m=03985_04_1922,rec,Sanborn Fire Insurance Maps - Detroit 1921,1921.jpg
Crane & Co.,1922,42.3277,-83.0397,https://fims.historicalinfo.com/FIMSSD.aspx?m=03985_04_1922,ind,Sanborn Fire Insurance Maps - Detroit 1921,1921.jpg
Grand Trunk Railway System R. R. Yard,1922,42.328,-83.039,https://fims.historicalinfo.com/FIMSSD.aspx?m=03985_04_1922,ind,Sanborn Fire Insurance Maps - Detroit 1921,1921.jpg
City Hotel,1922,42.329,-83.039,https://fims.historicalinfo.com/FIMSSD.aspx?m=03985_04_1922,rec,Sanborn Fire Insurance Maps - Detroit 1921,1921.jpg
Michigan Cartage & Storage Co.,1922,42.329,-83.04,https://fims.historicalinfo.com/FIMSSD.aspx?m=03985_04_1922,ind,Sanborn Fire Insurance Maps - Detroit 1921,1921.jpg
Superior Brass Works Brass Foundry,1922,42.3294,-83.043,https://fims.historicalinfo.com/FIMSSD.aspx?m=03985_04_1922,ind,Sanborn Fire Insurance Maps - Detroit 1921,1921.jpg
Packard Motor Car Co.,1922,42.33,-83.0385,https://fims.historicalinfo.com/FIMSSD.aspx?m=03985_04_1922,ind,Sanborn Fire Insurance Maps - Detroit 1921,1921.jpg
Grand Trunk Railway Freight House,1922,42.33,-83.038,https://fims.historicalinfo.com/FIMSSD.aspx?m=03985_04_1922,ind,Sanborn Fire Insurance Maps - Detroit 1921,1921.jpg
Grand Trunk Railway System R. R. Yard,1922,42.329,-83.038,https://fims.historicalinfo.com/FIMSSD.aspx?m=03985_04_1922,ind,Sanborn Fire Insurance Maps - Detroit 1921,1921.jpg
Whitaker Paper Co.,1922,42.331,-83.038,https://fims.historicalinfo.com/FIMSSD.aspx?m=03985_04_1922,ind,Sanborn Fire Insurance Maps - Detroit 1921,1921.jpg
University of Detroit Mercy Engineering,1922,42.332,-83.037,https://fims.historicalinfo.com/FIMSSD.aspx?m=03985_04_1922,rec,Sanborn Fire Insurance Maps - Detroit 1921,1921.jpg
Detroit Institute of Art,1922,42.332,-83.036,https://fims.historicalinfo.com/FIMSSD.aspx?m=03985_04_1922,rec,Sanborn Fire Insurance Maps - Detroit 1921,1921.jpg
Detroit Gear & Machine Co.,1922,42.331,-83.037,https://fims.historicalinfo.com/FIMSSD.aspx?m=03985_04_1922,ind,Sanborn Fire Insurance Maps - Detroit 1921,1921.jpg
Grand Trunk Railway Out Bound Freight House,1922,42.33,-83.036,https://fims.historicalinfo.com/FIMSSD.aspx?m=03985_04_1922,ind,Sanborn Fire Insurance Maps - Detroit 1921,1921.jpg
Grand Trunk Railway System R. R. Yard,1922,42.329,-83.035,https://fims.historicalinfo.com/FIMSSD.aspx?m=03985_04_1922,ind,Sanborn Fire Insurance Maps - Detroit 1921,1921.jpg
Christ Church (Episcopal),1922,42.333,-83.035,https://fims.historicalinfo.com/FIMSSD.aspx?m=03985_04_1922,rec,Sanborn Fire Insurance Maps - Detroit 1921,1921.jpg
Frustan & Hart Auto Painting & Trimming,1922,42.332,-83.034,https://fims.historicalinfo.com/FIMSSD.aspx?m=03985_04_1922,ind,Sanborn Fire Insurance Maps - Detroit 1921,1921.jpg
Pittmans & Dean Co. Rivard Coal Yard,1922,42.331,-83.033,https://fims.historicalinfo.com/FIMSSD.aspx?m=03985_04_1922,ind,Sanborn Fire Insurance Maps - Detroit 1921,1921.jpg
Harry Brothers Manufacturing Co.,1922,42.333,-83.033,https://fims.historicalinfo.com/FIMSSD.aspx?m=03985_04_1922,ind,Sanborn Fire Insurance Maps - Detroit 1921,1921.jpg
Larned Tool & Die Co. & Detroit Auto Visor Co.,1922,42.3327,-83.0332,https://fims.historicalinfo.com/FIMSSD.aspx?m=03985_04_1922,ind,Sanborn Fire Insurance Maps - Detroit 1921,1921.jpg
H. J. Heinz Co. Detroit Branch,1922,42.332,-83.0329,https://fims.historicalinfo.com/FIMSSD.aspx?m=03985_04_1922,ind,Sanborn Fire Insurance Maps - Detroit 1921,1921.jpg
United Fuel & Supply Co. Atwater Yard,1922,42.3316,-83.0324,https://fims.historicalinfo.com/FIMSSD.aspx?m=03985_04_1922,ind,Sanborn Fire Insurance Maps - Detroit 1921,1921.jpg
Detroit United Railway Power House Station A,1922,42.3321,-83.0312,https://fims.historicalinfo.com/FIMSSD.aspx?m=03985_04_1922,ind,Sanborn Fire Insurance Maps - Detroit 1921,1921.jpg
Reliable Furniture Co.,1922,42.333,-83.032,https://fims.historicalinfo.com/FIMSSD.aspx?m=03985_04_1922,ind,Sanborn Fire Insurance Maps - Detroit 1921,1921.jpg
Atlas Crucible Steel Co.,1922,42.333,-83.031,https://fims.historicalinfo.com/FIMSSD.aspx?m=03985_04_1922,ind,Sanborn Fire Insurance Maps - Detroit 1921,1921.jpg
Detroit Screw Works,1922,42.3326,-83.03,https://fims.historicalinfo.com/FIMSSD.aspx?m=03985_04_1922,ind,Sanborn Fire Insurance Maps - Detroit 1921,1921.jpg
Detroit United Railway Power House Station A,1922,42.332,-83.0305,https://fims.historicalinfo.com/FIMSSD.aspx?m=03985_04_1922,ind,Sanborn Fire Insurance Maps - Detroit 1921,1921.jpg
Kimball - Eisenberg Co. Whole Pipe & Plumbing Supplies,1922,42.332,-83.0324,https://fims.historicalinfo.com/FIMSSD.aspx?m=03985_04_1922,ind,Sanborn Fire Insurance Maps - Detroit 1921,1921.jpg
Great Lakes Engineering Works Detroit Plant,1922,42.331,-83.031,https://fims.historicalinfo.com/FIMSSD.aspx?m=03985_04_1922,ind,Sanborn Fire Insurance Maps - Detroit 1921,1921.jpg
Detroit United Railway Power House Station B,1922,42.3317,-83.0298,https://fims.historicalinfo.com/FIMSSD.aspx?m=03985_04_1922,ind,Sanborn Fire Insurance Maps - Detroit 1921,1921.jpg
U.S. Gypsum Co. Plaster Mill,1922,42.331,-83.031,https://fims.historicalinfo.com/FIMSSD.aspx?m=03985_04_1922,ind,Sanborn Fire Insurance Maps - Detroit 1921,1921.jpg
Metal Junk Yard,1922,42.333,-83.0297,https://fims.historicalinfo.com/FIMSSD.aspx?m=03985_04_1922,ind,Sanborn Fire Insurance Maps - Detroit 1921,1921.jpg
Iron & Scrap Metal Ware House,1922,42.3337,-83.0287,https://fims.historicalinfo.com/FIMSSD.aspx?m=03985_04_1922,ind,Sanborn Fire Insurance Maps - Detroit 1921,1921.jpg
A. J. Smith Construction Co. Material and Tool Yard,1922,42.3329,-83.0286,https://fims.historicalinfo.com/FIMSSD.aspx?m=03985_04_1922,ind,Sanborn Fire Insurance Maps - Detroit 1921,1921.jpg
Huron-Portland Cement Co. Detroit Plant,1922,42.3319,-83.0285,https://fims.historicalinfo.com/FIMSSD.aspx?m=03985_04_1922,ind,Sanborn Fire Insurance Maps - Detroit 1921,1921.jpg
Detroit Ship Building Co. Orleans Plant,1922,42.3336,-83.0267,https://fims.historicalinfo.com/FIMSSD.aspx?m=03985_04_1922,ind,Sanborn Fire Insurance Maps - Detroit 1921,1921.jpg
F. Joseph Lamb Co. Machine & Tool Shop,1922,42.3351,-83.0259,https://fims.historicalinfo.com/FIMSSD.aspx?m=03985_04_1922,ind,Sanborn Fire Insurance Maps - Detroit 1921,1921.jpg
Essex Brass Co. Brass Works,1922,42.3354,-83.0253,https://fims.historicalinfo.com/FIMSSD.aspx?m=03985_04_1922,ind,Sanborn Fire Insurance Maps - Detroit 1921,1921.jpg
Michigan Steel Casting Co.,1922,42.3343,-83.0252,https://fims.historicalinfo.com/FIMSSD.aspx?m=03985_04_1922,ind,Sanborn Fire Insurance Maps - Detroit 1921,1921.jpg
F. H. Goodard Inc. Contractors,1922,42.3354,-83.0248,https://fims.historicalinfo.com/FIMSSD.aspx?m=03985_04_1922,ind,Sanborn Fire Insurance Maps - Detroit 1921,1921.jpg
Trussed Concrete Steel Co.,1922,42.3359,-83.0237,https://fims.historicalinfo.com/FIMSSD.aspx?m=03985_04_1922,ind,Sanborn Fire Insurance Maps - Detroit 1921,1921.jpg
Frederick Kahl Iron Foundry & Pattern Co.,1922,42.3344,-83.0243,https://fims.historicalinfo.com/FIMSSD.aspx?m=03985_04_1922,ind,Sanborn Fire Insurance Maps - Detroit 1921,1921.jpg
United Fuel & Supply Co. Dubois Yard Stables,1922,42.3347,-83.0231,https://fims.historicalinfo.com/FIMSSD.aspx?m=03985_04_1922,ind,Sanborn Fire Insurance Maps - Detroit 1921,1921.jpg
Detroit Dry Kiln Co. & Derry Lumber Co.,1922,42.3349,-83.022,https://fims.historicalinfo.com/FIMSSD.aspx?m=03985_04_1922,ind,Sanborn Fire Insurance Maps - Detroit 1921,1921.jpg
East Side Iron Works Structural Shop,1922,42.3351,-83.023,https://fims.historicalinfo.com/FIMSSD.aspx?m=03985_04_1922,ind,Sanborn Fire Insurance Maps - Detroit 1921,1921.jpg
Ainsworth Manufacturing Co.,1922,42.3359,-83.0228,https://fims.historicalinfo.com/FIMSSD.aspx?m=03985_04_1922,ind,Sanborn Fire Insurance Maps - Detroit 1921,1921.jpg
Capital Brass Works Brass & Aluminum Foundry,1922,42.3366,-83.0219,https://fims.historicalinfo.com/FIMSSD.aspx?m=03985_04_1922,ind,Sanborn Fire Insurance Maps - Detroit 1921,1921.jpg
Lauhoff Roller Mill Works,1922,42.3361,-83.0216,https://fims.historicalinfo.com/FIMSSD.aspx?m=03985_04_1922,ind,Sanborn Fire Insurance Maps - Detroit 1921,1921.jpg
Detroit Lumber Co. Chene St. Yard,1922,42.3352,-83.0214,https://fims.historicalinfo.com/FIMSSD.aspx?m=03985_04_1922,ind,Sanborn Fire Insurance Maps - Detroit 1921,1921.jpg
Commercial Storage Co. Merchandise Ware House,1922,42.3359,-83.0219,https://fims.historicalinfo.com/FIMSSD.aspx?m=03985_04_1922,ind,Sanborn Fire Insurance Maps - Detroit 1921,1921.jpg
Riverside Scrap Iron & Metal Co.,1922,42.33382,-83.02394,https://fims.historicalinfo.com/FIMSSD.aspx?m=03985_04_1922,ind,Sanborn Fire Insurance Maps - Detroit 1921,1921.jpg
Parker Brothers Co. Ltd. Builders Supply and Coal,1922,42.33413,-83.02339,https://fims.historicalinfo.com/FIMSSD.aspx?m=03985_04_1922,ind,Sanborn Fire Insurance Maps - Detroit 1921,1921.jpg
United Fuel and Supply Co. Dubois Yard,1922,42.334399,-83.022671,https://fims.historicalinfo.com/FIMSSD.aspx?m=03985_04_1922,ind,Sanborn Fire Insurance Maps - Detroit 1921,1921.jpg
Imperial Ship Building Corporation,1922,42.334599,-83.020794,https://fims.historicalinfo.com/FIMSSD.aspx?m=03985_04_1922,ind,Sanborn Fire Insurance Maps - Detroit 1921,1921.jpg
Consumers Gravel Co.,1922,42.334793,-83.020043,https://fims.historicalinfo.com/FIMSSD.aspx?m=03985_04_1922,ind,Sanborn Fire Insurance Maps - Detroit 1921,1921.jpg
Nicholson Transit Co.,1922,42.334992,-83.019442,https://fims.historicalinfo.com/FIMSSD.aspx?m=03985_04_1922,ind,Sanborn Fire Insurance Maps - Detroit 1921,1921.jpg
Birmingham Sand & Gravel Co. Gravel Yard,1922,42.335555,-83.018347,https://fims.historicalinfo.com/FIMSSD.aspx?m=03985_04_1922,ind,Sanborn Fire Insurance Maps - Detroit 1921,1921.jpg
Michigan Tool Co.,1922,42.336221,-83.017811,https://fims.historicalinfo.com/FIMSSD.aspx?m=03985_04_1922,ind,Sanborn Fire Insurance Maps - Detroit 1921,1921.jpg
Northern Engineering Works,1922,42.33588,-83.02001,https://fims.historicalinfo.com/FIMSSD.aspx?m=03985_04_1922,ind,Sanborn Fire Insurance Maps - Detroit 1921,1921.jpg
Parke Davis & Co.,1922,42.336594,-83.018465,https://fims.historicalinfo.com/FIMSSD.aspx?m=03985_04_1922,ind,Sanborn Fire Insurance Maps - Detroit 1921,1921.jpg
Union Drawn Steel Co.,1922,42.337109,-83.018841,https://fims.historicalinfo.com/FIMSSD.aspx?m=03985_04_1922,ind,Sanborn Fire Insurance Maps - Detroit 1921,1921.jpg
Stroh Casting Co.,1922,42.336372,-83.020643,https://fims.historicalinfo.com/FIMSSD.aspx?m=03985_04_1922,ind,Sanborn Fire Insurance Maps - Detroit 1921,1921.jpg
The Tube Products Co.,1922,42.336681,-83.02001,https://fims.historicalinfo.com/FIMSSD.aspx?m=03985_04_1922,ind,Sanborn Fire Insurance Maps - Detroit 1921,1921.jpg
Edgar A. Murray Insecticides & Disinfectants,1922,42.336824,-83.019613,https://fims.historicalinfo.com/FIMSSD.aspx?m=03985_04_1922,ind,Sanborn Fire Insurance Maps - Detroit 1921,1921.jpg
Parke Davis & Co.,1922,42.336958,-83.020826,https://fims.historicalinfo.com/FIMSSD.aspx?m=03985_04_1922,ind,Sanborn Fire Insurance Maps - Detroit 1921,1921.jpg
Advance Machine Co.,1922,42.337085,-83.020354,https://fims.historicalinfo.com/FIMSSD.aspx?m=03985_04_1922,ind,Sanborn Fire Insurance Maps - Detroit 1921,1921.jpg
Thiery-Kendrick Manufacturing Co.,1922,42.337569,-83.019227,https://fims.historicalinfo.com/FIMSSD.aspx?m=03985_04_1922,ind,Sanborn Fire Insurance Maps - Detroit 1921,1921.jpg
Manufacturers of Pharmaceutical Articles,1922,42.337359,-83.01706,https://fims.historicalinfo.com/FIMSSD.aspx?m=03985_04_1922,ind,Sanborn Fire Insurance Maps - Detroit 1921,1921.jpg
Standard Brass Works,1922,42.33797,-83.018026,https://fims.historicalinfo.com/FIMSSD.aspx?m=03985_04_1922,ind,Sanborn Fire Insurance Maps - Detroit 1921,1921.jpg
Cope-Swift & Co. Inc.,1922,42.338406,-83.01708,https://fims.historicalinfo.com/FIMSSD.aspx?m=03985_04_1922,ind,Sanborn Fire Insurance Maps - Detroit 1921,1921.jpg
Parke Davis & Co.,1922,42.337217,-83.015279,https://fims.historicalinfo.com/FIMSSD.aspx?m=03985_04_1922,ind,Sanborn Fire Insurance Maps - Detroit 1921,1921.jpg
Murphy Iron Works,1922,42.337653,-83.014388,https://fims.historicalinfo.com/FIMSSD.aspx?m=03985_04_1922,ind,Sanborn Fire Insurance Maps - Detroit 1921,1921.jpg
Buhl Malleable Co. Foundry,1922,42.338698,-83.013263,https://fims.historicalinfo.com/FIMSSD.aspx?m=03985_04_1922,ind,Sanborn Fire Insurance Maps - Detroit 1921,1921.jpg
Buhl Sons Co. Wholesale Hardware,1922,42.339183,-83.012135,https://fims.historicalinfo.com/FIMSSD.aspx?m=03985_04_1922,ind,Sanborn Fire Insurance Maps - Detroit 1921,1921.jpg
City of Detroit Street Railways,1922,42.339556,-83.011384,https://fims.historicalinfo.com/FIMSSD.aspx?m=03985_04_1922,ind,Sanborn Fire Insurance Maps - Detroit 1921,1921.jpg
Carl E. Schmidt & Co. Inc. Tannery,1922,42.340016,-83.009775,https://fims.historicalinfo.com/FIMSSD.aspx?m=03985_04_1922,ind,Sanborn Fire Insurance Maps - Detroit 1921,1921.jpg
Berry Brothers Inc. Varnish Factory,1922,42.340373,-83.008777,https://fims.historicalinfo.com/FIMSSD.aspx?m=03985_04_1922,ind,Sanborn Fire Insurance Maps - Detroit 1921,1921.jpg
American Boiler Works,1922,42.341831,-83.008601,https://fims.historicalinfo.com/FIMSSD.aspx?m=03985_04_1922,ind,Sanborn Fire Insurance Maps - Detroit 1921,1921.jpg
River Foundry Co.,1922,42.341672,-83.008537,https://fims.historicalinfo.com/FIMSSD.aspx?m=03985_04_1922,ind,Sanborn Fire Insurance Maps - Detroit 1921,1921.jpg
Michigan Motor Specialties Co.,1922,42.341327,-83.008333,https://fims.historicalinfo.com/FIMSSD.aspx?m=03985_04_1922,ind,Sanborn Fire Insurance Maps - Detroit 1921,1921.jpg
Michigan Bolt & Nut Works,1922,42.341466,-83.007496,https://fims.historicalinfo.com/FIMSSD.aspx?m=03985_04_1922,ind,Sanborn Fire Insurance Maps - Detroit 1921,1921.jpg
United States Rubber Co. Morgan & Wright Plant,1922,42.341835,-83.006654,https://fims.historicalinfo.com/FIMSSD.aspx?m=03985_04_1922,ind,Sanborn Fire Insurance Maps - Detroit 1921,1921.jpg
Michigan Ammonia Works,1922,42.342053,-83.005393,https://fims.historicalinfo.com/FIMSSD.aspx?m=03985_04_1922,ind,Sanborn Fire Insurance Maps - Detroit 1921,1921.jpg
Detroit City Gas Co. Station B,1922,42.342663,-83.005066,https://fims.historicalinfo.com/FIMSSD.aspx?m=03985_04_1922,ind,Sanborn Fire Insurance Maps - Detroit 1921,1921.jpg
United States Rubber Co. Manufacturer of Pneumatic Tires,1922,42.344214,-83.005009,https://fims.historicalinfo.com/FIMSSD.aspx?m=03985_04_1922,ind,Sanborn Fire Insurance Maps - Detroit 1921,1921.jpg
Detroit Stove Works Foundry,1922,42.344975,-83.003186,https://fims.historicalinfo.com/FIMSSD.aspx?m=03985_04_1922,ind,Sanborn Fire Insurance Maps - Detroit 1921,1921.jpg
Belle Isle Park,1922,42.341,-82.977,https://detroithistorical.org/learn/encyclopedia-of-detroit/belle-isle-park,rec,Detroit Historical Society,belle_isle_1915.jpg
Phillip Kling Brewing Co.,1915,42.346307,-83.000546,https://fims.historicalinfo.com/FIMSSD.aspx?m=03985_08_1915,ind,Sanborn Fire Insurance Maps - Detroit 1915,1921.jpg
Palace Gardens Amusement Park,1915,42.347306,-82.998701,https://fims.historicalinfo.com/FIMSSD.aspx?m=03985_08_1915,rec,Sanborn Fire Insurance Maps - Detroit 1915,1921.jpg
Maximotor Co.,1915,42.348342,-82.997308,https://fims.historicalinfo.com/FIMSSD.aspx?m=03985_08_1915,ind,Sanborn Fire Insurance Maps - Detroit 1915,1921.jpg
Detroit Chemical Works,1950,42.307028,-83.093415,https://fims.historicalinfo.com/FIMSSD.aspx?m=03985_01_1950,ind,Sanborn Fire Insurance Maps - Detroit 1950,1950.jpg
The American Brass Company,1950,42.307726,-83.089016,https://fims.historicalinfo.com/FIMSSD.aspx?m=03985_01_1950,ind,Sanborn Fire Insurance Maps - Detroit 1950,1950.jpg
Detroit Harvester Co.,1950,42.304076,-83.09172,https://fims.historicalinfo.com/FIMSSD.aspx?m=03985_01_1950,ind,Sanborn Fire Insurance Maps - Detroit 1950,1950.jpg
Mistersky Power Station,1950,42.303108,-83.090819,https://fims.historicalinfo.com/FIMSSD.aspx?m=03985_01_1950,ind,Sanborn Fire Insurance Maps - Detroit 1950,1950.jpg
The American Brass Company,1950,42.305256,-83.087806,https://fims.historicalinfo.com/FIMSSD.aspx?m=03985_01_1950,ind,Sanborn Fire Insurance Maps - Detroit 1950,1950.jpg
Detroit Harbor Terminals Inc. Warehouse,1950,42.306517,-83.086722,https://fims.historicalinfo.com/FIMSSD.aspx?m=03985_01_1950,ind,Sanborn Fire Insurance Maps - Detroit 1950,1950.jpg
Michigan Boiler & Engineering Works,1950,42.310175,-83.084566,https://fims.historicalinfo.com/FIMSSD.aspx?m=03985_01_1950,ind,Sanborn Fire Insurance Maps - Detroit 1950,1950.jpg
Rail & Waterways Coal Co. Coal Yard,1950,42.310302,-83.082699,https://fims.historicalinfo.com/FIMSSD.aspx?m=03985_01_1950,ind,Sanborn Fire Insurance Maps - Detroit 1950,1950.jpg
Commerical Marine Terminal - The Evening News Association,1950,42.311333,-83.081197,https://fims.historicalinfo.com/FIMSSD.aspx?m=03985_01_1950,ind,Sanborn Fire Insurance Maps - Detroit 1950,1950.jpg
City of Detroit 24th St. Incinerator,1950,42.312865,-83.079405,https://fims.historicalinfo.com/FIMSSD.aspx?m=03985_01_1950,ind,Sanborn Fire Insurance Maps - Detroit 1950,1950.jpg
Department of Public Works Garbage Loading Station,1950,42.313507,-83.078461,https://fims.historicalinfo.com/FIMSSD.aspx?m=03985_01_1950,ind,Sanborn Fire Insurance Maps - Detroit 1950,1950.jpg
Michigan Consolidated Gas Co. Station F,1950,42.313642,-83.080596,https://fims.historicalinfo.com/FIMSSD.aspx?m=03985_01_1950,ind,Sanborn Fire Insurance Maps - Detroit 1950,1950.jpg
Michigan Consolidated Gas Co. Station E,1950,42.314586,-83.079062,https://fims.historicalinfo.com/FIMSSD.aspx?m=03985_01_1950,ind,Sanborn Fire Insurance Maps - Detroit 1950,1950.jpg
Perrone Lumber & Millwork Co.,1950,42.317195,-83.077792,https://fims.historicalinfo.com/FIMSSD.aspx?m=03985_01_1950,ind,Sanborn Fire Insurance Maps - Detroit 1950,1950.jpg
Michigan Consolidated Gas Co. Station A,1950,42.316628,-83.078194,https://fims.historicalinfo.com/FIMSSD.aspx?m=03985_01_1950,ind,Sanborn Fire Insurance Maps - Detroit 1950,1950.jpg
Chesapeake & Ohio Railroad Pere Marquette Freight Yard,1950,42.316199,-83.07482,https://fims.historicalinfo.com/FIMSSD.aspx?m=03985_01_1950,ind,Sanborn Fire Insurance Maps - Detroit 1950,1950.jpg
Detroit Power Screw Driver Co.,1950,42.317746,-83.076928,https://fims.historicalinfo.com/FIMSSD.aspx?m=03985_01_1950,ind,Sanborn Fire Insurance Maps - Detroit 1950,1950.jpg
Freight Truck & Trailer Repair,1950,42.31716,-83.076574,https://fims.historicalinfo.com/FIMSSD.aspx?m=03985_01_1950,ind,Sanborn Fire Insurance Maps - Detroit 1950,1950.jpg
Forge Shop & Hammer Room,1950,42.317515,-83.075619,https://fims.historicalinfo.com/FIMSSD.aspx?m=03985_01_1950,ind,Sanborn Fire Insurance Maps - Detroit 1950,1950.jpg
Chesapeake & Ohio Railroad Machine & Repair Shop,1950,42.317065,-83.075767,https://fims.historicalinfo.com/FIMSSD.aspx?m=03985_01_1950,ind,Sanborn Fire Insurance Maps - Detroit 1950,1950.jpg
Wabash Railroad Freight Yard,1950,42.317837,-83.071215,https://fims.historicalinfo.com/FIMSSD.aspx?m=03985_01_1950,ind,Sanborn Fire Insurance Maps - Detroit 1950,1950.jpg
The Toledo Plate & Window Glass Co. Detroit Warehouse,1950,42.319011,-83.07335,https://fims.historicalinfo.com/FIMSSD.aspx?m=03985_01_1950,ind,Sanborn Fire Insurance Maps - Detroit 1950,1950.jpg
Chesapeake & Ohio Railroad Pere Marquette Freight Yard & Distribution Terminal,1950,42.318753,-83.069981,https://fims.historicalinfo.com/FIMSSD.aspx?m=03985_01_1950,ind,Sanborn Fire Insurance Maps - Detroit 1950,1950.jpg
International Forwarding Co.,1950,42.318666,-83.069069,https://fims.historicalinfo.com/FIMSSD.aspx?m=03985_01_1950,ind,Sanborn Fire Insurance Maps - Detroit 1950,1950.jpg
National Carloading Corporation,1950,42.319876,-83.069611,https://fims.historicalinfo.com/FIMSSD.aspx?m=03985_01_1950,ind,Sanborn Fire Insurance Maps - Detroit 1950,1950.jpg
R. Laylward Coal Yard,1950,42.320371,-83.070963,https://fims.historicalinfo.com/FIMSSD.aspx?m=03985_01_1950,ind,Sanborn Fire Insurance Maps - Detroit 1950,1950.jpg
Wabash Railroad Freight House,1950,42.320059,-83.066005,https://fims.historicalinfo.com/FIMSSD.aspx?m=03985_01_1950,ind,Sanborn Fire Insurance Maps - Detroit 1950,1950.jpg
Nash-Kelvinator Sales Corporation Parts & Service Dept.,1950,42.320884,-83.068827,https://fims.historicalinfo.com/FIMSSD.aspx?m=03985_01_1950,ind,Sanborn Fire Insurance Maps - Detroit 1950,1950.jpg
Schwarz Foundry Co.,1950,42.321495,-83.068247,https://fims.historicalinfo.com/FIMSSD.aspx?m=03985_01_1950,ind,Sanborn Fire Insurance Maps - Detroit 1950,1950.jpg
Annheuser-Busch Inc.,1950,42.321502,-83.067357,https://fims.historicalinfo.com/FIMSSD.aspx?m=03985_01_1950,ind,Sanborn Fire Insurance Maps - Detroit 1950,1950.jpg
Detroit Graphite Company,1950,42.32232,-83.066155,https://fims.historicalinfo.com/FIMSSD.aspx?m=03985_01_1950,ind,Sanborn Fire Insurance Maps - Detroit 1950,1950.jpg
Michigan Central Railroad Freight House,1950,42.321717,-83.064803,https://fims.historicalinfo.com/FIMSSD.aspx?m=03985_01_1950,ind,Sanborn Fire Insurance Maps - Detroit 1950,1950.jpg
Michigan Central District Produce Terminal,1950,42.321797,-83.062044,https://fims.historicalinfo.com/FIMSSD.aspx?m=03985_01_1950,ind,Sanborn Fire Insurance Maps - Detroit 1950,1950.jpg
Universal Car Loading and Distributing Co.,1950,42.322876,-83.061057,https://fims.historicalinfo.com/FIMSSD.aspx?m=03985_01_1950,ind,Sanborn Fire Insurance Maps - Detroit 1950,1950.jpg
Edgar Warehouses Inc.,1950,42.322638,-83.059362,https://fims.historicalinfo.com/FIMSSD.aspx?m=03985_01_1950,ind,Sanborn Fire Insurance Maps - Detroit 1950,1950.jpg
Auto Freight House,1950,42.324716,-83.059555,https://fims.historicalinfo.com/FIMSSD.aspx?m=03985_01_1950,ind,Sanborn Fire Insurance Maps - Detroit 1950,1950.jpg
New York Central Railroad Freight Yard,1950,42.32362,-83.057149,https://fims.historicalinfo.com/FIMSSD.aspx?m=03985_01_1950,ind,Sanborn Fire Insurance Maps - Detroit 1950,1950.jpg
Detroit & Cleveland Navigation Co. 3rd St. Warehouse,1950,42.324742,-83.051576,https://fims.historicalinfo.com/FIMSSD.aspx?m=03985_01_1950,ind,Sanborn Fire Insurance Maps - Detroit 1950,1950.jpg
Tin Shop,1950,42.326246,-83.052497,https://fims.historicalinfo.com/FIMSSD.aspx?m=03985_01_1950,ind,Sanborn Fire Insurance Maps - Detroit 1950,1950.jpg
Plumbing Warehouse,1950,42.326571,-83.051982,https://fims.historicalinfo.com/FIMSSD.aspx?m=03985_01_1950,ind,Sanborn Fire Insurance Maps - Detroit 1950,1950.jpg
Chemical Warehouse,1950,42.326738,-83.050759,https://fims.historicalinfo.com/FIMSSD.aspx?m=03985_01_1950,ind,Sanborn Fire Insurance Maps - Detroit 1950,1950.jpg
Machine Shop,1950,42.326206,-83.050963,https://fims.historicalinfo.com/FIMSSD.aspx?m=03985_01_1950,ind,Sanborn Fire Insurance Maps - Detroit 1950,1950.jpg
McKesson-Robbins Inc. Detroit Division,1950,42.325429,-83.049279,https://fims.historicalinfo.com/FIMSSD.aspx?m=03985_01_1950,ind,Sanborn Fire Insurance Maps - Detroit 1950,1950.jpg
Textile Products Factory & Warehouse,1950,42.326547,-83.049096,https://fims.historicalinfo.com/FIMSSD.aspx?m=03985_01_1950,ind,Sanborn Fire Insurance Maps - Detroit 1950,1950.jpg
Harvey Foundry Pattern & Machine Co.,1950,42.325906,-83.049663,https://fims.historicalinfo.com/FIMSSD.aspx?m=03985_01_1950,ind,Sanborn Fire Insurance Maps - Detroit 1950,1950.jpg
Detroit & Cleveland Navigation Co.,1950,42.325272,-83.048483,https://fims.historicalinfo.com/FIMSSD.aspx?m=03985_01_1950,ind,Sanborn Fire Insurance Maps - Detroit 1950,1950.jpg
R. L. Polk & Co.,1950,42.326445,-83.048547,https://fims.historicalinfo.com/FIMSSD.aspx?m=03985_01_1950,ind,Sanborn Fire Insurance Maps - Detroit 1950,1950.jpg
Detroit & Cleveland Navigation Co.,1950,42.326051,-83.045492,https://fims.historicalinfo.com/FIMSSD.aspx?m=03985_01_1950,ind,Sanborn Fire Insurance Maps - Detroit 1950,1950.jpg
Veterans Memorial Building,1950,42.326951,-83.045546,https://fims.historicalinfo.com/FIMSSD.aspx?m=03985_01_1950,rec,Sanborn Fire Insurance Maps - Detroit 1950,1950.jpg
James Vernor Co. Building,1951,42.327079,-83.044429,https://fims.historicalinfo.com/FIMSSD.aspx?m=03985_04_1951,ind,Sanborn Fire Insurance Maps - Detroit 1951,
J. C. Goss Company,1951,42.32723,-83.043356,https://fims.historicalinfo.com/FIMSSD.aspx?m=03985_04_1951,ind,Sanborn Fire Insurance Maps - Detroit 1951,
Detroit & Canada Tunnel Company,1951,42.328142,-83.042283,https://fims.historicalinfo.com/FIMSSD.aspx?m=03985_04_1951,ind,Sanborn Fire Insurance Maps - Detroit 1951,
Public Lighting Commission,1951,42.327325,-83.04121,https://fims.historicalinfo.com/FIMSSD.aspx?m=03985_04_1951,ind,Sanborn Fire Insurance Maps - Detroit 1951,
The Detroit Edison Co.,1951,42.329308,-83.040137,https://fims.historicalinfo.com/FIMSSD.aspx?m=03985_04_1951,ind,Sanborn Fire Insurance Maps - Detroit 1951,
Crane & Co.,1951,42.328062,-83.039064,https://fims.historicalinfo.com/FIMSSD.aspx?m=03985_04_1951,ind,Sanborn Fire Insurance Maps - Detroit 1951,
Grand Trunk Railway System R. R. Yard,1951,42.328292,-83.037991,https://fims.historicalinfo.com/FIMSSD.aspx?m=03985_04_1951,ind,Sanborn Fire Insurance Maps - Detroit 1951,
Michigan Cartage & Storage Co.,1951,42.33022,-83.036918,https://fims.historicalinfo.com/FIMSSD.aspx?m=03985_04_1951,ind,Sanborn Fire Insurance Maps - Detroit 1951,
Wabash Hotel,1951,42.328689,-83.035845,https://fims.historicalinfo.com/FIMSSD.aspx?m=03985_04_1951,rec,Sanborn Fire Insurance Maps - Detroit 1951,
Packard Motor Car Co.,1951,42.330466,-83.034772,https://fims.historicalinfo.com/FIMSSD.aspx?m=03985_04_1951,ind,Sanborn Fire Insurance Maps - Detroit 1951,
Grand Trunk Western Railway Freight House,1951,42.329451,-83.033699,https://fims.historicalinfo.com/FIMSSD.aspx?m=03985_04_1951,ind,Sanborn Fire Insurance Maps - Detroit 1951,
Grand Trunk Railroad Yards,1951,42.328737,-83.032626,https://fims.historicalinfo.com/FIMSSD.aspx?m=03985_04_1951,ind,Sanborn Fire Insurance Maps - Detroit 1951,
Grand Trunk Western Railway & American Car Loading Corporation,1951,42.330576,-83.031553,https://fims.historicalinfo.com/FIMSSD.aspx?m=03985_04_1951,ind,Sanborn Fire Insurance Maps - Detroit 1951,
Times Publishing Plant,1951,42.329819,-83.03048,https://fims.historicalinfo.com/FIMSSD.aspx?m=03985_04_1951,ind,Sanborn Fire Insurance Maps - Detroit 1951,
Burnham - Stoepel & Co. Carpets & Rugs,1951,42.329632,-83.029407,https://fims.historicalinfo.com/FIMSSD.aspx?m=03985_04_1951,ind,Sanborn Fire Insurance Maps - Detroit 1951,
Grand Trunk Railway System Yards,1951,42.329922,-83.028334,https://fims.historicalinfo.com/FIMSSD.aspx?m=03985_04_1951,ind,Sanborn Fire Insurance Maps - Detroit 1951,
Great Atlantic & Pacific Tea Co. Ware House,1951,42.329049,-83.027261,https://fims.historicalinfo.com/FIMSSD.aspx?m=03985_04_1951,ind,Sanborn Fire Insurance Maps - Detroit 1951,
Joseph Buegleisen Co. Manufacturer of Leather Goods,1951,42.332555,-83.026188,https://fims.historicalinfo.com/FIMSSD.aspx?m=03985_04_1951,ind,Sanborn Fire Insurance Maps - Detroit 1951,
Ferro Stamping & Manufacturing Company,1951,42.332504,-83.025115,https://fims.historicalinfo.com/FIMSSD.aspx?m=03985_04_1951,ind,Sanborn Fire Insurance Maps - Detroit 1951,
Bryant & Detwiler Co. Contractor,1951,42.333273,-83.024042,https://fims.historicalinfo.com/FIMSSD.aspx?m=03985_04_1951,ind,Sanborn Fire Insurance Maps - Detroit 1951,
Eaton Chemical Dyestuff Company,1951,42.332813,-83.022969,https://fims.historicalinfo.com/FIMSSD.aspx?m=03985_04_1951,ind,Sanborn Fire Insurance Maps - Detroit 1951,
Allen Industries Inc.,1951,42.332504,-83.021896,https://fims.historicalinfo.com/FIMSSD.aspx?m=03985_04_1951,ind,Sanborn Fire Insurance Maps - Detroit 1951,
Ray Industries Inc.,1951,42.331774,-83.020823,https://fims.historicalinfo.com/FIMSSD.aspx?m=03985_04_1951,ind,Sanborn Fire Insurance Maps - Detroit 1951,
Budd Co. Atwater Plant Farm Implements Factory,1951,42.330656,-83.01975,https://fims.historicalinfo.com/FIMSSD.aspx?m=03985_04_1951,ind,Sanborn Fire Insurance Maps - Detroit 1951,
Cronin Coal Co.,1951,42.330791,-83.018677,https://fims.historicalinfo.com/FIMSSD.aspx?m=03985_04_1951,ind,Sanborn Fire Insurance Maps - Detroit 1951,
Riopelle Sub-Station Public Lighting Commission,1951,42.331259,-83.017604,https://fims.historicalinfo.com/FIMSSD.aspx?m=03985_04_1951,ind,Sanborn Fire Insurance Maps - Detroit 1951,
Huron-Portland Cement Co. Detroit Plant,1951,42.331854,-83.016531,https://fims.historicalinfo.com/FIMSSD.aspx?m=03985_04_1951,ind,Sanborn Fire Insurance Maps - Detroit 1951,
Central Iron Foundry,1951,42.334028,-83.015458,https://fims.historicalinfo.com/FIMSSD.aspx?m=03985_04_1951,ind,Sanborn Fire Insurance Maps - Detroit 1951,
The Detroit Edison Co. Atwater Warehouse,1951,42.333354,-83.014385,https://fims.historicalinfo.com/FIMSSD.aspx?m=03985_04_1951,ind,Sanborn Fire Insurance Maps - Detroit 1951,
The Detroit Edison Co. Large Coal Pile,1951,42.332274,-83.013312,https://fims.historicalinfo.com/FIMSSD.aspx?m=03985_04_1951,ind,Sanborn Fire Insurance Maps - Detroit 1951,
The Detroit Edison Co. Orleans Coaling Station,1951,42.332765,-83.012239,https://fims.historicalinfo.com/FIMSSD.aspx?m=03985_04_1951,ind,Sanborn Fire Insurance Maps - Detroit 1951,
Michigan Steel Casting Co.,1951,42.334617,-83.011166,https://fims.historicalinfo.com/FIMSSD.aspx?m=03985_04_1951,ind,Sanborn Fire Insurance Maps - Detroit 1951,
Essex Brass Co. Brass Works,1951,42.335176,-83.010093,https://fims.historicalinfo.com/FIMSSD.aspx?m=03985_04_1951,ind,Sanborn Fire Insurance Maps - Detroit 1951,
Detroit Elevator Co. Factory,1951,42.334895,-83.00902,https://fims.historicalinfo.com/FIMSSD.aspx?m=03985_04_1951,ind,Sanborn Fire Insurance Maps - Detroit 1951,
Central Iron Foundry,1951,42.333907,-83.007947,https://fims.historicalinfo.com/FIMSSD.aspx?m=03985_04_1951,ind,Sanborn Fire Insurance Maps - Detroit 1951,
James E. Degan Co.,1951,42.335363,-83.006874,https://fims.historicalinfo.com/FIMSSD.aspx?m=03985_04_1951,ind,Sanborn Fire Insurance Maps - Detroit 1951,
Frederick Kahl Iron Foundry,1951,42.334415,-83.005801,https://fims.historicalinfo.com/FIMSSD.aspx?m=03985_04_1951,ind,Sanborn Fire Insurance Maps - Detroit 1951,
Ainsworth Manufacturing Co.,1951,42.336152,-83.004728,https://fims.historicalinfo.com/FIMSSD.aspx?m=03985_04_1951,ind,Sanborn Fire Insurance Maps - Detroit 1951,
Parker Brothers Co. Ltd. Atwater Gravel Yard,1951,42.333582,-83.003655,https://fims.historicalinfo.com/FIMSSD.aspx?m=03985_04_1951,ind,Sanborn Fire Insurance Maps - Detroit 1951,
Goebel Brewing Co.,1951,42.333705,-83.002582,https://fims.historicalinfo.com/FIMSSD.aspx?m=03985_04_1951,ind,Sanborn Fire Insurance Maps - Detroit 1951,
Parke Davis & Co.,1951,42.337056,-83.001509,https://fims.historicalinfo.com/FIMSSD.aspx?m=03985_04_1951,ind,Sanborn Fire Insurance Maps - Detroit 1951,
Kendrick Manufacturing Co.,1951,42.33748,-83.000436,https://fims.historicalinfo.com/FIMSSD.aspx?m=03985_04_1951,ind,Sanborn Fire Insurance Maps - Detroit 1951,
Chope-Stevens Paper Co.,1951,42.33631,-82.999363,https://fims.historicalinfo.com/FIMSSD.aspx?m=03985_04_1951,ind,Sanborn Fire Insurance Maps - Detroit 1951,
Northern Engineering Works,1951,42.335779,-82.99829,https://fims.historicalinfo.com/FIMSSD.aspx?m=03985_04_1951,ind,Sanborn Fire Insurance Maps - Detroit 1951,
Detroit River Iron Works,1951,42.335045,-82.997217,https://fims.historicalinfo.com/FIMSSD.aspx?m=03985_04_1951,ind,Sanborn Fire Insurance Maps - Detroit 1951,
Majestic Tool & Manufacturing Co.,1951,42.33608,-82.996144,https://fims.historicalinfo.com/FIMSSD.aspx?m=03985_04_1951,ind,Sanborn Fire Insurance Maps - Detroit 1951,
Republic Steel Corporation,1951,42.337064,-82.995071,https://fims.historicalinfo.com/FIMSSD.aspx?m=03985_04_1951,ind,Sanborn Fire Insurance Maps - Detroit 1951,
Ecclestone Chemical Co.,1951,42.336651,-82.993998,https://fims.historicalinfo.com/FIMSSD.aspx?m=03985_04_1951,ind,Sanborn Fire Insurance Maps - Detroit 1951,